period,country,country_code,ecb_rate,inflation,gdp_growth,credit_growth,year,quarter,period_str
2003Q1,Allemagne,DEU,2.195,1.616,2.386,1.453,2003,1,2003Q1
2003Q2,Allemagne,DEU,2.181,1.767,2.216,1.471,2003,2,2003Q2
2003Q3,Allemagne,DEU,2.121,2.115,1.613,1.057,2003,3,2003Q3
2003Q4,Allemagne,DEU,2.353,1.85,2.106,0.953,2003,4,2003Q4
2004Q1,Allemagne,DEU,2.511,1.692,2.303,1.692,2004,1,2004Q1
2004Q2,Allemagne,DEU,2.458,2.055,2.74,1.116,2004,2,2004Q2
2004Q3,Allemagne,DEU,2.746,2.009,2.054,1.466,2004,3,2004Q3
2004Q4,Allemagne,DEU,2.837,1.986,2.828,1.49,2004,4,2004Q4
2005Q1,Allemagne,DEU,2.744,1.777,2.783,1.46,2005,1,2005Q1
2005Q2,Allemagne,DEU,2.97,1.977,2.393,0.503,2005,2,2005Q2
2005Q3,Allemagne,DEU,2.77,1.642,2.142,0.922,2005,3,2005Q3
2005Q4,Allemagne,DEU,3.053,1.515,2.843,2.111,2005,4,2005Q4
2006Q1,Allemagne,DEU,3.255,1.9,2.861,1.63,2006,1,2006Q1
2006Q2,Allemagne,DEU,3.173,2.006,2.812,0.46,2006,2,2006Q2
2006Q3,Allemagne,DEU,3.518,2.086,3.079,1.134,2006,3,2006Q3
2006Q4,Allemagne,DEU,3.436,2.296,3.168,1.697,2006,4,2006Q4
2007Q1,Allemagne,DEU,3.598,2.022,-4.046,-3.534,2007,1,2007Q1
2007Q2,Allemagne,DEU,3.816,1.962,-6.027,-2.815,2007,2,2007Q2
2007Q3,Allemagne,DEU,3.965,2.01,-0.903,-1.611,2007,3,2007Q3
2007Q4,Allemagne,DEU,3.815,1.761,1.16,0.505,2007,4,2007Q4
2008Q1,Allemagne,DEU,4.166,3.125,1.869,-0.955,2008,1,2008Q1
2008Q2,Allemagne,DEU,3.561,2.735,1.217,-1.464,2008,2,2008Q2
2008Q3,Allemagne,DEU,3.068,2.646,0.568,-1.182,2008,3,2008Q3
2008Q4,Allemagne,DEU,2.68,1.774,1.274,1.064,2008,4,2008Q4
2009Q1,Allemagne,DEU,2.274,1.643,0.374,1.202,2009,1,2009Q1
2009Q2,Allemagne,DEU,1.815,1.389,0.25,0.67,2009,2,2009Q2
2009Q3,Allemagne,DEU,1.377,0.401,0.26,2.575,2009,3,2009Q3
2009Q4,Allemagne,DEU,0.988,0.347,-0.412,0.768,2009,4,2009Q4
2010Q1,Allemagne,DEU,0.979,1.226,-0.975,1.525,2010,1,2010Q1
2010Q2,Allemagne,DEU,1.11,1.525,-1.156,0.328,2010,2,2010Q2
2010Q3,Allemagne,DEU,1.24,1.485,-1.184,0.669,2010,3,2010Q3
2010Q4,Allemagne,DEU,1.208,1.702,-1.537,1.028,2010,4,2010Q4
2011Q1,Allemagne,DEU,1.456,1.866,0.292,0.871,2011,1,2011Q1
2011Q2,Allemagne,DEU,1.148,1.732,0.916,1.826,2011,2,2011Q2
2011Q3,Allemagne,DEU,1.458,2.396,0.829,2.44,2011,3,2011Q3
2011Q4,Allemagne,DEU,1.486,2.631,0.823,1.075,2011,4,2011Q4
2012Q1,Allemagne,DEU,1.533,2.647,0.4,1.971,2012,1,2012Q1
2012Q2,Allemagne,DEU,1.295,2.242,0.322,0.684,2012,2,2012Q2
2012Q3,Allemagne,DEU,1.303,2.717,0.999,2.163,2012,3,2012Q3
2012Q4,Allemagne,DEU,1.299,1.677,0.88,3.164,2012,4,2012Q4
2013Q1,Allemagne,DEU,1.261,2.197,1.979,0.398,2013,1,2013Q1
2013Q2,Allemagne,DEU,1.291,2.199,2.45,1.925,2013,2,2013Q2
2013Q3,Allemagne,DEU,1.18,2.094,1.317,2.638,2013,3,2013Q3
2013Q4,Allemagne,DEU,1.03,1.475,1.866,2.576,2013,4,2013Q4
2014Q1,Allemagne,DEU,1.041,1.482,1.794,2.991,2014,1,2014Q1
2014Q2,Allemagne,DEU,0.974,1.372,1.755,2.282,2014,2,2014Q2
2014Q3,Allemagne,DEU,0.971,0.849,1.819,3.029,2014,3,2014Q3
2014Q4,Allemagne,DEU,0.975,1.311,2.274,2.893,2014,4,2014Q4
2015Q1,Allemagne,DEU,0.765,1.035,1.49,3.856,2015,1,2015Q1
2015Q2,Allemagne,DEU,0.624,1.347,1.723,3.249,2015,2,2015Q2
2015Q3,Allemagne,DEU,0.776,1.121,1.832,3.311,2015,3,2015Q3
2015Q4,Allemagne,DEU,0.672,1.684,1.44,2.445,2015,4,2015Q4
2016Q1,Allemagne,DEU,0.55,1.108,2.449,3.117,2016,1,2016Q1
2016Q2,Allemagne,DEU,0.569,0.788,2.203,3.135,2016,2,2016Q2
2016Q3,Allemagne,DEU,0.625,0.8,3.145,4.17,2016,3,2016Q3
2016Q4,Allemagne,DEU,0.414,0.726,1.936,3.171,2016,4,2016Q4
2017Q1,Allemagne,DEU,0.359,0.483,-13.757,-3.203,2017,1,2017Q1
2017Q2,Allemagne,DEU,0.268,1.183,-3.874,2.53,2017,2,2017Q2
2017Q3,Allemagne,DEU,0.242,0.582,6.705,6.535,2017,3,2017Q3
2017Q4,Allemagne,DEU,0.322,0.418,5.535,5.036,2017,4,2017Q4
2018Q1,Allemagne,DEU,0.171,0.102,3.244,5.449,2018,1,2018Q1
2018Q2,Allemagne,DEU,0.127,0.71,3.198,3.988,2018,2,2018Q2
2018Q3,Allemagne,DEU,0.063,0.067,2.367,2.562,2018,3,2018Q3
2018Q4,Allemagne,DEU,-0.101,0.249,3.03,3.763,2018,4,2018Q4
2019Q1,Allemagne,DEU,-0.005,-0.068,2.472,2.841,2019,1,2019Q1
2019Q2,Allemagne,DEU,-0.114,0.951,1.849,3.55,2019,2,2019Q2
2019Q3,Allemagne,DEU,-0.192,1.917,2.736,4.009,2019,3,2019Q3
2019Q4,Allemagne,DEU,-0.232,2.789,1.944,4.741,2019,4,2019Q4
2020Q1,Allemagne,DEU,-0.303,3.402,1.832,3.48,2020,1,2020Q1
2020Q2,Allemagne,DEU,-0.37,4.59,2.038,2.822,2020,2,2020Q2
2020Q3,Allemagne,DEU,-0.49,5.111,1.299,3.265,2020,3,2020Q3
2020Q4,Allemagne,DEU,-0.256,6.011,2.029,0.69,2020,4,2020Q4
2021Q1,Allemagne,DEU,-0.582,7.263,0.887,2.014,2021,1,2021Q1
2021Q2,Allemagne,DEU,-0.11,8.005,0.59,1.691,2021,2,2021Q2
2021Q3,Allemagne,DEU,0.28,8.671,1.339,-0.298,2021,3,2021Q3
2021Q4,Allemagne,DEU,0.832,9.404,0.932,0.937,2021,4,2021Q4
2022Q1,Allemagne,DEU,1.191,9.102,-0.192,-0.413,2022,1,2022Q1
2022Q2,Allemagne,DEU,1.581,8.912,0.31,-1.052,2022,2,2022Q2
2022Q3,Allemagne,DEU,1.958,7.783,0.02,-0.303,2022,3,2022Q3
2022Q4,Allemagne,DEU,2.192,6.31,-0.224,1.162,2022,4,2022Q4
2023Q1,Allemagne,DEU,2.768,6.02,1.212,-0.245,2023,1,2023Q1
2023Q2,Allemagne,DEU,3.146,4.669,1.09,-0.138,2023,2,2023Q2
2023Q3,Allemagne,DEU,3.743,3.947,-0.497,-1.684,2023,3,2023Q3
2023Q4,Allemagne,DEU,3.962,2.88,0.756,-1.282,2023,4,2023Q4
2003Q1,France,FRA,2.391,1.91,1.904,3.038,2003,1,2003Q1
2003Q2,France,FRA,2.33,1.961,1.72,3.637,2003,2,2003Q2
2003Q3,France,FRA,2.549,1.977,1.384,1.725,2003,3,2003Q3
2003Q4,France,FRA,2.654,2.025,2.047,3.303,2003,4,2003Q4
2004Q1,France,FRA,2.748,1.841,1.89,3.01,2004,1,2004Q1
2004Q2,France,FRA,2.841,2.58,2.346,3.316,2004,2,2004Q2
2004Q3,France,FRA,3.094,2.365,3.285,3.433,2004,3,2004Q3
2004Q4,France,FRA,3.034,2.573,2.574,5.063,2004,4,2004Q4
2005Q1,France,FRA,3.097,2.223,2.858,2.43,2005,1,2005Q1
2005Q2,France,FRA,3.196,1.92,2.703,2.447,2005,2,2005Q2
2005Q3,France,FRA,3.294,2.042,2.508,2.192,2005,3,2005Q3
2005Q4,France,FRA,3.465,2.094,4.134,2.866,2005,4,2005Q4
2006Q1,France,FRA,3.636,2.026,2.722,2.06,2006,1,2006Q1
2006Q2,France,FRA,3.499,2.419,3.235,3.951,2006,2,2006Q2
2006Q3,France,FRA,3.757,2.2,2.854,3.862,2006,3,2006Q3
2006Q4,France,FRA,3.959,2.148,2.942,1.99,2006,4,2006Q4
2007Q1,France,FRA,3.967,2.198,-4.339,-1.536,2007,1,2007Q1
2007Q2,France,FRA,4.255,2.305,-5.236,-0.97,2007,2,2007Q2
2007Q3,France,FRA,4.087,2.166,-0.134,0.537,2007,3,2007Q3
2007Q4,France,FRA,4.13,2.412,0.613,1.868,2007,4,2007Q4
2008Q1,France,FRA,4.231,3.26,1.484,1.656,2008,1,2008Q1
2008Q2,France,FRA,3.98,3.227,1.138,0.12,2008,2,2008Q2
2008Q3,France,FRA,3.499,2.987,1.203,3.257,2008,3,2008Q3
2008Q4,France,FRA,2.939,2.093,1.526,4.145,2008,4,2008Q4
2009Q1,France,FRA,2.581,1.775,0.855,1.962,2009,1,2009Q1
2009Q2,France,FRA,2.073,0.953,-0.445,2.053,2009,2,2009Q2
2009Q3,France,FRA,1.867,0.654,0.28,3.171,2009,3,2009Q3
2009Q4,France,FRA,1.329,0.259,0.108,3.552,2009,4,2009Q4
2010Q1,France,FRA,1.279,1.104,-0.609,3.401,2010,1,2010Q1
2010Q2,France,FRA,1.415,1.994,-0.428,4.452,2010,2,2010Q2
2010Q3,France,FRA,1.451,1.459,-0.864,2.36,2010,3,2010Q3
2010Q4,France,FRA,1.625,1.606,-1.678,1.298,2010,4,2010Q4
2011Q1,France,FRA,1.522,1.741,0.582,1.833,2011,1,2011Q1
2011Q2,France,FRA,1.642,2.217,0.157,2.063,2011,2,2011Q2
2011Q3,France,FRA,1.92,2.401,1.153,2.928,2011,3,2011Q3
2011Q4,France,FRA,1.847,3.164,1.152,4.482,2011,4,2011Q4
2012Q1,France,FRA,1.938,2.202,0.532,2.237,2012,1,2012Q1
2012Q2,France,FRA,1.604,2.618,0.194,2.891,2012,2,2012Q2
2012Q3,France,FRA,1.54,2.582,0.787,2.989,2012,3,2012Q3
2012Q4,France,FRA,1.628,2.015,1.642,4.504,2012,4,2012Q4
2013Q1,France,FRA,1.613,2.138,1.336,5.558,2013,1,2013Q1
2013Q2,France,FRA,1.61,2.482,2.684,3.352,2013,2,2013Q2
2013Q3,France,FRA,1.316,1.833,1.551,3.185,2013,3,2013Q3
2013Q4,France,FRA,1.507,2.039,1.808,4.522,2013,4,2013Q4
2014Q1,France,FRA,1.256,1.856,2.167,4.551,2014,1,2014Q1
2014Q2,France,FRA,1.216,1.688,1.64,5.418,2014,2,2014Q2
2014Q3,France,FRA,1.125,1.343,1.657,4.41,2014,3,2014Q3
2014Q4,France,FRA,1.092,1.562,1.866,3.636,2014,4,2014Q4
2015Q1,France,FRA,1.197,1.38,1.503,4.293,2015,1,2015Q1
2015Q2,France,FRA,0.975,1.122,1.796,5.08,2015,2,2015Q2
2015Q3,France,FRA,0.913,0.9,2.0,4.992,2015,3,2015Q3
2015Q4,France,FRA,0.82,1.603,2.004,4.645,2015,4,2015Q4
2016Q1,France,FRA,0.825,1.054,3.386,5.866,2016,1,2016Q1
2016Q2,France,FRA,0.993,0.967,1.444,4.993,2016,2,2016Q2
2016Q3,France,FRA,0.802,1.092,2.552,5.782,2016,3,2016Q3
2016Q4,France,FRA,0.641,0.766,1.858,4.972,2016,4,2016Q4
2017Q1,France,FRA,0.596,0.722,-13.421,-2.601,2017,1,2017Q1
2017Q2,France,FRA,0.563,0.752,-3.903,1.98,2017,2,2017Q2
2017Q3,France,FRA,0.344,0.424,6.091,7.63,2017,3,2017Q3
2017Q4,France,FRA,0.53,0.373,4.642,5.047,2017,4,2017Q4
2018Q1,France,FRA,0.386,0.576,3.382,5.603,2018,1,2018Q1
2018Q2,France,FRA,0.418,0.147,3.824,5.173,2018,2,2018Q2
2018Q3,France,FRA,0.407,0.305,2.911,5.12,2018,3,2018Q3
2018Q4,France,FRA,0.287,0.096,3.349,6.556,2018,4,2018Q4
2019Q1,France,FRA,0.219,0.329,2.527,5.21,2019,1,2019Q1
2019Q2,France,FRA,0.122,1.387,2.812,5.079,2019,2,2019Q2
2019Q3,France,FRA,0.288,2.462,3.771,3.946,2019,3,2019Q3
2019Q4,France,FRA,0.083,3.291,2.16,5.098,2019,4,2019Q4
2020Q1,France,FRA,-0.009,3.512,1.132,4.564,2020,1,2020Q1
2020Q2,France,FRA,-0.12,4.706,2.279,6.302,2020,2,2020Q2
2020Q3,France,FRA,-0.109,5.792,1.87,3.692,2020,3,2020Q3
2020Q4,France,FRA,-0.135,6.716,1.368,3.79,2020,4,2020Q4
2021Q1,France,FRA,-0.248,8.147,0.711,3.336,2021,1,2021Q1
2021Q2,France,FRA,0.244,8.635,0.764,4.153,2021,2,2021Q2
2021Q3,France,FRA,0.485,9.513,0.367,2.157,2021,3,2021Q3
2021Q4,France,FRA,1.025,10.547,0.429,1.99,2021,4,2021Q4
2022Q1,France,FRA,1.384,10.331,-0.222,1.802,2022,1,2022Q1
2022Q2,France,FRA,1.839,9.337,0.095,1.453,2022,2,2022Q2
2022Q3,France,FRA,2.239,8.389,0.288,0.885,2022,3,2022Q3
2022Q4,France,FRA,2.685,6.907,0.303,1.45,2022,4,2022Q4
2023Q1,France,FRA,2.85,6.149,1.474,2.799,2023,1,2023Q1
2023Q2,France,FRA,3.587,5.373,0.119,-0.033,2023,2,2023Q2
2023Q3,France,FRA,4.064,3.933,0.305,1.047,2023,3,2023Q3
2023Q4,France,FRA,4.108,3.711,0.498,0.397,2023,4,2023Q4
2003Q1,Italie,ITA,3.62,2.485,2.105,-4.199,2003,1,2003Q1
2003Q2,Italie,ITA,3.476,2.234,1.681,-2.009,2003,2,2003Q2
2003Q3,Italie,ITA,3.698,2.861,2.074,-3.588,2003,3,2003Q3
2003Q4,Italie,ITA,3.922,2.548,1.753,-3.995,2003,4,2003Q4
2004Q1,Italie,ITA,4.035,2.787,2.138,-2.416,2004,1,2004Q1
2004Q2,Italie,ITA,4.009,2.426,1.263,-1.015,2004,2,2004Q2
2004Q3,Italie,ITA,4.166,2.852,2.839,-1.336,2004,3,2004Q3
2004Q4,Italie,ITA,4.426,2.706,2.788,-4.838,2004,4,2004Q4
2005Q1,Italie,ITA,4.203,2.26,2.963,-3.498,2005,1,2005Q1
2005Q2,Italie,ITA,4.299,2.371,1.45,-1.844,2005,2,2005Q2
2005Q3,Italie,ITA,4.565,2.404,3.607,-3.719,2005,3,2005Q3
2005Q4,Italie,ITA,4.594,2.381,3.423,-2.841,2005,4,2005Q4
2006Q1,Italie,ITA,4.694,2.716,3.524,-2.085,2006,1,2006Q1
2006Q2,Italie,ITA,4.829,2.503,2.042,-4.781,2006,2,2006Q2
2006Q3,Italie,ITA,4.907,2.58,2.917,-3.128,2006,3,2006Q3
2006Q4,Italie,ITA,5.006,2.985,2.597,-5.475,2006,4,2006Q4
2007Q1,Italie,ITA,5.031,2.71,-4.891,-7.78,2007,1,2007Q1
2007Q2,Italie,ITA,5.375,2.635,-4.591,-6.832,2007,2,2007Q2
2007Q3,Italie,ITA,5.401,2.581,-0.457,-7.463,2007,3,2007Q3
2007Q4,Italie,ITA,5.421,2.531,1.291,-4.031,2007,4,2007Q4
2008Q1,Italie,ITA,5.721,4.12,2.198,-5.415,2008,1,2008Q1
2008Q2,Italie,ITA,4.975,3.364,1.485,-3.682,2008,2,2008Q2
2008Q3,Italie,ITA,4.524,3.247,1.308,-3.574,2008,3,2008Q3
2008Q4,Italie,ITA,4.088,2.144,1.492,-0.898,2008,4,2008Q4
2009Q1,Italie,ITA,3.755,2.046,2.041,-1.801,2009,1,2009Q1
2009Q2,Italie,ITA,3.382,1.513,0.005,-2.703,2009,2,2009Q2
2009Q3,Italie,ITA,2.852,0.443,0.247,-0.668,2009,3,2009Q3
2009Q4,Italie,ITA,2.547,0.655,0.435,0.228,2009,4,2009Q4
2010Q1,Italie,ITA,2.37,1.145,-0.236,-0.753,2010,1,2010Q1
2010Q2,Italie,ITA,2.672,1.758,-0.2,-1.439,2010,2,2010Q2
2010Q3,Italie,ITA,2.606,1.885,-0.832,-2.673,2010,3,2010Q3
2010Q4,Italie,ITA,2.896,2.381,-2.437,-3.959,2010,4,2010Q4
2011Q1,Italie,ITA,2.812,2.697,1.457,-3.229,2011,1,2011Q1
2011Q2,Italie,ITA,2.841,2.319,0.159,0.446,2011,2,2011Q2
2011Q3,Italie,ITA,3.015,3.271,1.156,-3.707,2011,3,2011Q3
2011Q4,Italie,ITA,2.975,3.227,0.685,-3.13,2011,4,2011Q4
2012Q1,Italie,ITA,3.062,2.977,0.401,-3.267,2012,1,2012Q1
2012Q2,Italie,ITA,2.951,2.797,0.824,-0.75,2012,2,2012Q2
2012Q3,Italie,ITA,2.835,3.052,1.343,-2.053,2012,3,2012Q3
2012Q4,Italie,ITA,2.895,2.024,1.482,0.476,2012,4,2012Q4
2013Q1,Italie,ITA,2.801,2.88,2.189,-2.033,2013,1,2013Q1
2013Q2,Italie,ITA,2.838,3.039,2.674,-0.705,2013,2,2013Q2
2013Q3,Italie,ITA,2.597,1.991,1.414,-1.88,2013,3,2013Q3
2013Q4,Italie,ITA,2.729,2.171,2.299,2.138,2013,4,2013Q4
2014Q1,Italie,ITA,2.466,2.207,2.448,-1.823,2014,1,2014Q1
2014Q2,Italie,ITA,2.335,1.959,1.187,-0.154,2014,2,2014Q2
2014Q3,Italie,ITA,2.416,1.518,1.933,0.733,2014,3,2014Q3
2014Q4,Italie,ITA,2.37,1.675,2.397,0.631,2014,4,2014Q4
2015Q1,Italie,ITA,2.399,1.511,1.505,-0.5,2015,1,2015Q1
2015Q2,Italie,ITA,2.117,1.918,2.623,0.211,2015,2,2015Q2
2015Q3,Italie,ITA,2.181,1.454,1.842,0.248,2015,3,2015Q3
2015Q4,Italie,ITA,1.972,1.599,2.242,0.36,2015,4,2015Q4
2016Q1,Italie,ITA,2.016,1.327,2.844,2.163,2016,1,2016Q1
2016Q2,Italie,ITA,1.865,0.584,1.774,3.874,2016,2,2016Q2
2016Q3,Italie,ITA,1.896,1.482,2.049,-0.106,2016,3,2016Q3
2016Q4,Italie,ITA,2.022,0.453,1.267,-1.133,2016,4,2016Q4
2017Q1,Italie,ITA,1.878,0.882,-13.112,-5.984,2017,1,2017Q1
2017Q2,Italie,ITA,1.819,0.819,-4.414,1.505,2017,2,2017Q2
2017Q3,Italie,ITA,1.682,0.184,5.204,1.933,2017,3,2017Q3
2017Q4,Italie,ITA,1.731,0.886,4.057,4.167,2017,4,2017Q4
2018Q1,Italie,ITA,1.604,0.475,2.953,4.09,2018,1,2018Q1
2018Q2,Italie,ITA,1.469,0.63,2.816,1.212,2018,2,2018Q2
2018Q3,Italie,ITA,1.579,0.105,3.735,3.223,2018,3,2018Q3
2018Q4,Italie,ITA,1.468,0.098,3.49,4.632,2018,4,2018Q4
2019Q1,Italie,ITA,1.423,0.335,2.356,1.443,2019,1,2019Q1
2019Q2,Italie,ITA,1.413,1.112,3.476,1.783,2019,2,2019Q2
2019Q3,Italie,ITA,1.299,2.647,3.454,0.624,2019,3,2019Q3
2019Q4,Italie,ITA,1.115,3.453,2.121,-0.732,2019,4,2019Q4
2020Q1,Italie,ITA,1.17,4.15,-0.007,-1.644,2020,1,2020Q1
2020Q2,Italie,ITA,1.027,5.621,2.947,-1.651,2020,2,2020Q2
2020Q3,Italie,ITA,0.995,7.104,0.579,-1.813,2020,3,2020Q3
2020Q4,Italie,ITA,1.054,7.888,0.7,-3.284,2020,4,2020Q4
2021Q1,Italie,ITA,1.142,9.18,1.394,-2.447,2021,1,2021Q1
2021Q2,Italie,ITA,1.539,10.027,2.134,-5.369,2021,2,2021Q2
2021Q3,Italie,ITA,1.642,10.833,1.571,-3.715,2021,3,2021Q3
2021Q4,Italie,ITA,2.314,12.719,1.053,-5.103,2021,4,2021Q4
2022Q1,Italie,ITA,2.753,12.098,0.449,-9.267,2022,1,2022Q1
2022Q2,Italie,ITA,3.104,11.147,0.815,-5.962,2022,2,2022Q2
2022Q3,Italie,ITA,3.464,10.066,0.695,-4.786,2022,3,2022Q3
2022Q4,Italie,ITA,3.713,8.301,0.365,-7.492,2022,4,2022Q4
2023Q1,Italie,ITA,4.318,7.244,0.97,-3.667,2023,1,2023Q1
2023Q2,Italie,ITA,4.731,5.897,0.446,-5.34,2023,2,2023Q2
2023Q3,Italie,ITA,5.236,4.727,-0.442,-7.214,2023,3,2023Q3
2023Q4,Italie,ITA,5.525,3.655,0.429,-5.775,2023,4,2023Q4
2003Q1,Espagne,ESP,3.17,2.663,1.585,-1.527,2003,1,2003Q1
2003Q2,Espagne,ESP,3.204,2.247,1.477,-3.211,2003,2,2003Q2
2003Q3,Espagne,ESP,3.386,2.312,1.89,-0.467,2003,3,2003Q3
2003Q4,Espagne,ESP,3.418,2.913,2.317,-0.749,2003,4,2003Q4
2004Q1,Espagne,ESP,3.523,2.305,2.648,2.24,2004,1,2004Q1
2004Q2,Espagne,ESP,3.502,2.742,1.929,0.268,2004,2,2004Q2
2004Q3,Espagne,ESP,3.802,2.488,2.256,-2.502,2004,3,2004Q3
2004Q4,Espagne,ESP,3.803,2.538,2.789,2.311,2004,4,2004Q4
2005Q1,Espagne,ESP,3.86,2.707,2.285,0.888,2005,1,2005Q1
2005Q2,Espagne,ESP,4.173,2.834,3.985,0.111,2005,2,2005Q2
2005Q3,Espagne,ESP,4.217,2.568,2.835,-1.599,2005,3,2005Q3
2005Q4,Espagne,ESP,4.283,1.977,3.966,-1.996,2005,4,2005Q4
2006Q1,Espagne,ESP,4.288,2.729,3.372,-1.789,2006,1,2006Q1
2006Q2,Espagne,ESP,4.347,2.923,3.334,0.329,2006,2,2006Q2
2006Q3,Espagne,ESP,4.584,2.514,2.715,1.239,2006,3,2006Q3
2006Q4,Espagne,ESP,4.662,2.815,2.315,0.22,2006,4,2006Q4
2007Q1,Espagne,ESP,4.919,2.567,-4.311,-6.224,2007,1,2007Q1
2007Q2,Espagne,ESP,4.937,2.886,-6.003,-8.214,2007,2,2007Q2
2007Q3,Espagne,ESP,4.965,2.821,-0.696,-3.809,2007,3,2007Q3
2007Q4,Espagne,ESP,5.005,2.53,1.553,-5.73,2007,4,2007Q4
2008Q1,Espagne,ESP,5.184,4.584,2.538,-3.446,2008,1,2008Q1
2008Q2,Espagne,ESP,4.648,3.848,1.241,-3.578,2008,2,2008Q2
2008Q3,Espagne,ESP,4.303,3.58,1.427,-3.354,2008,3,2008Q3
2008Q4,Espagne,ESP,3.82,2.507,2.392,-3.39,2008,4,2008Q4
2009Q1,Espagne,ESP,3.296,2.049,0.946,0.351,2009,1,2009Q1
2009Q2,Espagne,ESP,2.856,1.327,1.7,0.076,2009,2,2009Q2
2009Q3,Espagne,ESP,2.324,0.552,0.505,-0.258,2009,3,2009Q3
2009Q4,Espagne,ESP,2.159,0.712,-1.239,-3.632,2009,4,2009Q4
2010Q1,Espagne,ESP,1.982,1.237,-0.328,1.259,2010,1,2010Q1
2010Q2,Espagne,ESP,1.985,1.907,-0.574,3.616,2010,2,2010Q2
2010Q3,Espagne,ESP,2.244,2.294,-0.339,2.942,2010,3,2010Q3
2010Q4,Espagne,ESP,2.606,2.318,-1.412,-1.456,2010,4,2010Q4
2011Q1,Espagne,ESP,2.385,2.431,0.519,-0.575,2011,1,2011Q1
2011Q2,Espagne,ESP,2.471,2.828,-0.028,0.528,2011,2,2011Q2
2011Q3,Espagne,ESP,2.576,3.2,0.865,-1.793,2011,3,2011Q3
2011Q4,Espagne,ESP,2.531,3.881,0.533,-0.214,2011,4,2011Q4
2012Q1,Espagne,ESP,2.684,3.409,0.063,0.39,2012,1,2012Q1
2012Q2,Espagne,ESP,2.422,2.75,1.03,2.334,2012,2,2012Q2
2012Q3,Espagne,ESP,2.441,3.607,2.245,0.209,2012,3,2012Q3
2012Q4,Espagne,ESP,2.464,2.422,1.515,0.404,2012,4,2012Q4
2013Q1,Espagne,ESP,2.355,2.958,0.585,-1.266,2013,1,2013Q1
2013Q2,Espagne,ESP,2.402,3.063,2.723,-0.353,2013,2,2013Q2
2013Q3,Espagne,ESP,2.237,2.561,2.307,0.959,2013,3,2013Q3
2013Q4,Espagne,ESP,2.124,2.586,1.407,1.648,2013,4,2013Q4
2014Q1,Espagne,ESP,2.112,2.298,1.744,2.867,2014,1,2014Q1
2014Q2,Espagne,ESP,1.978,1.922,1.835,0.58,2014,2,2014Q2
2014Q3,Espagne,ESP,2.008,1.861,1.12,3.926,2014,3,2014Q3
2014Q4,Espagne,ESP,2.024,1.831,2.447,1.697,2014,4,2014Q4
2015Q1,Espagne,ESP,2.018,2.051,1.582,1.581,2015,1,2015Q1
2015Q2,Espagne,ESP,1.807,1.857,2.176,1.103,2015,2,2015Q2
2015Q3,Espagne,ESP,1.814,1.389,1.352,-1.676,2015,3,2015Q3
2015Q4,Espagne,ESP,1.789,1.855,1.897,3.614,2015,4,2015Q4
2016Q1,Espagne,ESP,1.763,1.005,3.396,4.608,2016,1,2016Q1
2016Q2,Espagne,ESP,1.704,1.06,1.527,2.188,2016,2,2016Q2
2016Q3,Espagne,ESP,1.624,1.601,3.724,3.517,2016,3,2016Q3
2016Q4,Espagne,ESP,1.456,0.74,1.76,4.114,2016,4,2016Q4
2017Q1,Espagne,ESP,1.33,0.829,-13.798,-6.09,2017,1,2017Q1
2017Q2,Espagne,ESP,1.36,1.241,-3.376,-0.041,2017,2,2017Q2
2017Q3,Espagne,ESP,1.311,0.718,4.812,6.15,2017,3,2017Q3
2017Q4,Espagne,ESP,1.32,0.854,4.05,2.434,2017,4,2017Q4
2018Q1,Espagne,ESP,1.209,0.817,2.309,4.305,2018,1,2018Q1
2018Q2,Espagne,ESP,1.205,0.458,4.312,2.792,2018,2,2018Q2
2018Q3,Espagne,ESP,1.053,-0.16,2.528,5.496,2018,3,2018Q3
2018Q4,Espagne,ESP,1.036,0.303,4.602,5.368,2018,4,2018Q4
2019Q1,Espagne,ESP,1.046,0.283,2.353,1.827,2019,1,2019Q1
2019Q2,Espagne,ESP,0.853,1.437,2.423,5.875,2019,2,2019Q2
2019Q3,Espagne,ESP,0.807,2.926,3.93,2.67,2019,3,2019Q3
2019Q4,Espagne,ESP,0.867,3.972,3.574,1.666,2019,4,2019Q4
2020Q1,Espagne,ESP,0.693,4.941,2.612,2.505,2020,1,2020Q1
2020Q2,Espagne,ESP,0.73,6.636,2.529,2.899,2020,2,2020Q2
2020Q3,Espagne,ESP,0.798,7.267,1.957,-1.302,2020,3,2020Q3
2020Q4,Espagne,ESP,0.774,8.574,1.935,-0.353,2020,4,2020Q4
2021Q1,Espagne,ESP,0.581,10.066,1.36,-0.661,2021,1,2021Q1
2021Q2,Espagne,ESP,1.207,11.029,0.513,-2.089,2021,2,2021Q2
2021Q3,Espagne,ESP,1.299,12.151,0.328,-3.814,2021,3,2021Q3
2021Q4,Espagne,ESP,1.841,13.475,0.758,-6.062,2021,4,2021Q4
2022Q1,Espagne,ESP,2.192,13.175,0.031,-7.437,2022,1,2022Q1
2022Q2,Espagne,ESP,2.606,12.237,0.081,-5.965,2022,2,2022Q2
2022Q3,Espagne,ESP,3.028,10.644,0.746,-7.142,2022,3,2022Q3
2022Q4,Espagne,ESP,3.378,8.803,0.83,-9.434,2022,4,2022Q4
2023Q1,Espagne,ESP,3.875,7.722,0.972,-4.038,2023,1,2023Q1
2023Q2,Espagne,ESP,4.3,6.059,1.424,-2.672,2023,2,2023Q2
2023Q3,Espagne,ESP,4.8,5.565,-0.78,-9.294,2023,3,2023Q3
2023Q4,Espagne,ESP,5.169,3.76,0.451,-5.995,2023,4,2023Q4
2003Q1,Pays-Bas,NLD,2.174,1.961,1.657,3.88,2003,1,2003Q1
2003Q2,Pays-Bas,NLD,2.363,1.929,1.418,3.3,2003,2,2003Q2
2003Q3,Pays-Bas,NLD,2.345,1.965,2.301,2.952,2003,3,2003Q3
2003Q4,Pays-Bas,NLD,2.434,2.137,1.746,4.331,2003,4,2003Q4
2004Q1,Pays-Bas,NLD,2.495,1.724,2.131,2.444,2004,1,2004Q1
2004Q2,Pays-Bas,NLD,2.725,2.356,2.457,3.877,2004,2,2004Q2
2004Q3,Pays-Bas,NLD,2.759,1.976,2.375,3.925,2004,3,2004Q3
2004Q4,Pays-Bas,NLD,2.811,2.243,3.083,3.015,2004,4,2004Q4
2005Q1,Pays-Bas,NLD,2.88,2.032,2.27,4.083,2005,1,2005Q1
2005Q2,Pays-Bas,NLD,2.998,1.987,3.011,3.212,2005,2,2005Q2
2005Q3,Pays-Bas,NLD,3.139,2.156,2.313,3.183,2005,3,2005Q3
2005Q4,Pays-Bas,NLD,3.365,1.801,3.126,3.457,2005,4,2005Q4
2006Q1,Pays-Bas,NLD,3.401,2.331,2.776,2.941,2006,1,2006Q1
2006Q2,Pays-Bas,NLD,3.353,1.893,2.572,3.588,2006,2,2006Q2
2006Q3,Pays-Bas,NLD,3.464,2.161,2.479,3.445,2006,3,2006Q3
2006Q4,Pays-Bas,NLD,3.526,2.499,2.951,1.806,2006,4,2006Q4
2007Q1,Pays-Bas,NLD,3.804,1.753,-4.961,0.33,2007,1,2007Q1
2007Q2,Pays-Bas,NLD,3.899,1.97,-5.609,-2.113,2007,2,2007Q2
2007Q3,Pays-Bas,NLD,3.935,2.229,-0.779,1.898,2007,3,2007Q3
2007Q4,Pays-Bas,NLD,4.285,2.107,1.391,2.777,2007,4,2007Q4
2008Q1,Pays-Bas,NLD,4.197,3.372,1.769,1.287,2008,1,2008Q1
2008Q2,Pays-Bas,NLD,3.6,3.046,0.819,1.68,2008,2,2008Q2
2008Q3,Pays-Bas,NLD,3.212,2.852,1.143,1.56,2008,3,2008Q3
2008Q4,Pays-Bas,NLD,2.835,2.269,1.092,2.423,2008,4,2008Q4
2009Q1,Pays-Bas,NLD,2.368,1.707,0.881,2.569,2009,1,2009Q1
2009Q2,Pays-Bas,NLD,1.848,1.095,0.411,3.457,2009,2,2009Q2
2009Q3,Pays-Bas,NLD,1.545,0.58,-0.382,3.688,2009,3,2009Q3
2009Q4,Pays-Bas,NLD,1.065,0.661,-0.079,4.119,2009,4,2009Q4
2010Q1,Pays-Bas,NLD,1.22,1.122,-0.855,2.265,2010,1,2010Q1
2010Q2,Pays-Bas,NLD,1.243,1.5,-0.63,2.556,2010,2,2010Q2
2010Q3,Pays-Bas,NLD,1.177,1.741,-1.105,1.315,2010,3,2010Q3
2010Q4,Pays-Bas,NLD,1.509,1.77,-2.053,1.33,2010,4,2010Q4
2011Q1,Pays-Bas,NLD,1.39,1.515,0.518,3.818,2011,1,2011Q1
2011Q2,Pays-Bas,NLD,1.472,2.161,0.532,4.16,2011,2,2011Q2
2011Q3,Pays-Bas,NLD,1.608,2.417,1.3,2.411,2011,3,2011Q3
2011Q4,Pays-Bas,NLD,1.471,2.654,1.083,2.804,2011,4,2011Q4
2012Q1,Pays-Bas,NLD,1.559,2.554,0.967,3.115,2012,1,2012Q1
2012Q2,Pays-Bas,NLD,1.527,2.203,0.636,3.239,2012,2,2012Q2
2012Q3,Pays-Bas,NLD,1.393,2.555,0.978,2.657,2012,3,2012Q3
2012Q4,Pays-Bas,NLD,1.406,1.845,0.839,3.536,2012,4,2012Q4
2013Q1,Pays-Bas,NLD,1.332,2.238,0.845,2.901,2013,1,2013Q1
2013Q2,Pays-Bas,NLD,1.357,2.231,1.995,3.728,2013,2,2013Q2
2013Q3,Pays-Bas,NLD,1.416,1.896,1.616,3.96,2013,3,2013Q3
2013Q4,Pays-Bas,NLD,1.1,1.851,1.94,3.894,2013,4,2013Q4
2014Q1,Pays-Bas,NLD,1.071,1.555,1.387,3.386,2014,1,2014Q1
2014Q2,Pays-Bas,NLD,1.163,1.792,2.076,3.85,2014,2,2014Q2
2014Q3,Pays-Bas,NLD,0.999,1.238,1.488,3.749,2014,3,2014Q3
2014Q4,Pays-Bas,NLD,1.06,1.656,2.073,3.734,2014,4,2014Q4
2015Q1,Pays-Bas,NLD,0.846,1.326,2.111,3.978,2015,1,2015Q1
2015Q2,Pays-Bas,NLD,0.803,1.758,2.158,5.27,2015,2,2015Q2
2015Q3,Pays-Bas,NLD,0.801,1.066,1.844,4.486,2015,3,2015Q3
2015Q4,Pays-Bas,NLD,0.802,1.312,1.927,3.894,2015,4,2015Q4
2016Q1,Pays-Bas,NLD,0.747,0.965,2.331,4.84,2016,1,2016Q1
2016Q2,Pays-Bas,NLD,0.866,0.893,1.565,3.721,2016,2,2016Q2
2016Q3,Pays-Bas,NLD,0.669,1.194,2.56,5.288,2016,3,2016Q3
2016Q4,Pays-Bas,NLD,0.587,0.339,1.74,4.502,2016,4,2016Q4
2017Q1,Pays-Bas,NLD,0.431,0.578,-13.978,-2.854,2017,1,2017Q1
2017Q2,Pays-Bas,NLD,0.356,0.648,-3.952,2.076,2017,2,2017Q2
2017Q3,Pays-Bas,NLD,0.386,0.556,5.656,4.982,2017,3,2017Q3
2017Q4,Pays-Bas,NLD,0.311,0.882,4.995,4.994,2017,4,2017Q4
2018Q1,Pays-Bas,NLD,0.218,0.449,3.333,4.299,2018,1,2018Q1
2018Q2,Pays-Bas,NLD,0.268,0.429,3.628,5.344,2018,2,2018Q2
2018Q3,Pays-Bas,NLD,-0.022,0.109,2.576,6.17,2018,3,2018Q3
2018Q4,Pays-Bas,NLD,0.089,0.234,3.36,6.801,2018,4,2018Q4
2019Q1,Pays-Bas,NLD,0.146,0.079,2.686,5.371,2019,1,2019Q1
2019Q2,Pays-Bas,NLD,0.001,1.178,2.31,5.048,2019,2,2019Q2
2019Q3,Pays-Bas,NLD,-0.288,2.217,3.141,3.834,2019,3,2019Q3
2019Q4,Pays-Bas,NLD,-0.17,3.034,2.355,4.203,2019,4,2019Q4
2020Q1,Pays-Bas,NLD,-0.107,3.724,1.559,3.558,2020,1,2020Q1
2020Q2,Pays-Bas,NLD,-0.32,4.914,1.836,3.765,2020,2,2020Q2
2020Q3,Pays-Bas,NLD,-0.405,5.08,1.13,3.788,2020,3,2020Q3
2020Q4,Pays-Bas,NLD,-0.363,6.511,1.657,3.619,2020,4,2020Q4
2021Q1,Pays-Bas,NLD,-0.335,7.511,0.542,1.928,2021,1,2021Q1
2021Q2,Pays-Bas,NLD,0.131,7.975,0.896,3.703,2021,2,2021Q2
2021Q3,Pays-Bas,NLD,0.268,9.104,0.842,2.199,2021,3,2021Q3
2021Q4,Pays-Bas,NLD,0.839,10.438,0.701,2.603,2021,4,2021Q4
2022Q1,Pays-Bas,NLD,1.209,9.904,0.104,3.493,2022,1,2022Q1
2022Q2,Pays-Bas,NLD,1.557,9.328,-0.156,1.173,2022,2,2022Q2
2022Q3,Pays-Bas,NLD,2.188,8.468,0.147,-0.037,2022,3,2022Q3
2022Q4,Pays-Bas,NLD,2.338,7.081,0.244,1.667,2022,4,2022Q4
2023Q1,Pays-Bas,NLD,2.959,6.355,0.96,2.731,2023,1,2023Q1
2023Q2,Pays-Bas,NLD,3.421,5.052,0.191,2.906,2023,2,2023Q2
2023Q3,Pays-Bas,NLD,3.845,3.932,0.305,0.644,2023,3,2023Q3
2023Q4,Pays-Bas,NLD,4.04,2.705,0.333,1.913,2023,4,2023Q4
